id,title,author,series_id,series,series_no,year,publisher,isbn13,asin,goodreads_url,audible_url,pages,audio_hours,status,rating,format,narrator,favourite,reread,subgenre,tags,tone,humour,pov,pacing,complexity,gr_rating,gr_count,audible_rating,audible_narration,awards,data_as_of,notes
001,The Final Empire,Brandon Sanderson,mistborn,Mistborn,1,2006,Tor,9780765311788,B002V0QCYU,,https://www.audible.com/pd/B002V0QCYU,541,24.6,Read,5,Audible,Michael Kramer,,,Epic Fantasy,hard-magic;heist;found-family;political-intrigue;underdog,balanced,some,3rd-multi,medium,moderate,,,4.8,4.8,,2026-09-30,Example row: replace the sample data with your own books.
002,The Well of Ascension,Brandon Sanderson,mistborn,Mistborn,2,2007,Tor,9780765316882,B002V5GLQ4,,https://www.audible.com/pd/B002V5GLQ4,592,28.9,Read,4,Audible,Michael Kramer,,,Epic Fantasy,hard-magic;political-intrigue;war-military;found-family,balanced,some,3rd-multi,slow,moderate,,,4.8,4.9,,2026-09-30,
003,The Hero of Ages,Brandon Sanderson,mistborn,Mistborn,3,2008,Tor,9780765316899,B002VA9IKK,,https://www.audible.com/pd/B002VA9IKK,572,27.4,Read,5,Audible,Michael Kramer,,,Epic Fantasy,hard-magic;gods-religion;war-military;found-family;post-apocalyptic,dark,some,3rd-multi,medium,moderate,,,4.8,4.9,Gemmell Legend (nom 2009),2026-09-30,
004,The Way of Kings,Brandon Sanderson,the-stormlight-archive,The Stormlight Archive,1,2010,Tor Books,9780765326355,B003ZWFO7E,,https://www.audible.com/pd/B003ZWFO7E,1007,45.5,Read,5,Audible,Michael Kramer;Kate Reading,,,Epic Fantasy,hard-magic;war-military;political-intrigue;gods-religion;big-cast,balanced,some,3rd-multi,slow,moderate,,,4.8,4.8,David Gemmell Legend (won); Whitney Award (won); Locus Fantasy (nom),2026-09-29,
005,Storm Front,Jim Butcher,the-dresden-files,The Dresden Files,1,2000,Roc,9780451457813,B002V8KYMI,,https://www.audible.com/pd/B002V8KYMI,372,8.0,Read,4,Audible,James Marsters,,,Urban Fantasy,mystery;demons-monsters;soft-magic;underdog,balanced,lots,1st-single,fast,light,,,4.5,4.5,Compton Crook (nom),2026-09-29,
006,The Blade Itself,Joe Abercrombie,the-first-law,The First Law,1,2006,Pyr,9781591025948,B014LL6R5U,,https://www.audible.com/pd/B014LL6R5U,531,22.3,Read,5,Audible,Steven Pacey,,,Grimdark,morally-grey;antihero;war-military;political-intrigue;big-cast,dark,some,3rd-multi,slow,moderate,,,4.7,4.9,Locus First Novel (nom); Compton Crook (nom),2026-09-29,
007,The Name of the Wind,Patrick Rothfuss,the-kingkiller-chronicle,The Kingkiller Chronicle,1,2007,DAW Books,9780756404079,B007FGEACG,,https://www.audible.com/pd/B007FGEACG,662,28.1,Read,5,Audible,Rupert Degas,,,Epic Fantasy,frame-story;magic-school;coming-of-age;unreliable-narrator;hard-magic,balanced,some,mixed,slow,moderate,,,4.8,4.8,Quill Award SF/F/H (won); ALA Alex Award (won); Locus First Novel & Fantasy (nom); Compton Crook (nom),2026-09-30,
008,Gardens of the Moon,Steven Erikson,malazan-book-of-the-fallen,Malazan Book of the Fallen,1,1999,Tor Books,9780765310019,B009KSQJ3U,,https://www.audible.com/pd/B009KSQJ3U,494,26.1,Read,4,Audible,Ralph Lister,,,Epic Fantasy,gods-religion;war-military;big-cast;political-intrigue;soft-magic;morally-grey,dark,some,3rd-multi,medium,dense,,,4.2,4.5,World Fantasy (nom); Locus First Novel (nom),2026-09-29,
009,Good Omens,Terry Pratchett & Neil Gaiman,standalone-good-omens,,,1990,Workman,9780894808531,B07L9DSZ9B,,https://www.audible.com/pd/B07L9DSZ9B,354,12.6,Read,4,Audible,Martin Jarvis,,,Humorous Fantasy,gods-religion;demons-monsters;buddy-duo;chosen-one;big-cast,light,lots,3rd-multi,medium,moderate,,,4.6,4.7,World Fantasy (nom 1991);Locus (nom 1991),2026-09-30,
010,Red Rising,Pierce Brown,red-rising,Red Rising,1,2014,Del Rey,9780345539786,B00I2VWW5U,,https://www.audible.com/pd/B00I2VWW5U,382,16.2,Read,5,Audible,Tim Gerard Reynolds,,,Science Fiction,space;revenge;war-military;tournament-trials;political-intrigue;underdog,dark,some,1st-single,fast,moderate,,,4.7,4.8,Goodreads Choice Best Debut Goodreads Author (won 2014),2026-09-29,
